{"accounts": ["CN10101-WeChat Account", "CN70006-Other Income", "KR10102-Hana Checking Account", "KR10213-Toss Emergency Fund Account", "KR10403-Friends Receivable", "KR30201-Friends Debt", "KR60002-Food Expenses", "KR60005-Personal Expenses", "KR70002-Interest Income"], "embeddings": {"CN10101-WeChat Account": [0.1365569984602813, -0.2341426808025173, 0.26340287553231195, -0.1028460601221448, 0.6370151795030023, 0.02078666927500479, 0.159928648406654, -0.04271297465377015], "CN70006-Other Income": [0.15643726850899314, -0.20192711903063423, -0.0015371969875773712, -0.3007788780552811, 0.5733465368228541, 0.0611659925040674, 0.242463349654714, 0.19586854270236234], "KR10102-Hana Checking Account": [-0.6511579508141844, -0.061211914899983094, 0.07039323797365399, -0.35874831450353845, 0.6245474324567885, -0.23097367559150855, 0.1392221129025776, 0.0018348945398952196], "KR10213-Toss Emergency Fund Account": [0.13489992521448668, 0.05434695851441736, 0.3859491899717824, -0.23779490793966845, 0.7159662796286844, 0.229200596646931, -0.01244424523395645, 0.15322038239113658], "KR10403-Friends Receivable": [0.25283791650555404, -0.32890569418124127, 0.10167303456578944, -0.21891189058615523, 0.6895330989132532, -0.00812619902877193, 0.11409872495928226, 0.09073438422230502], "KR30201-Friends Debt": [-0.04462031367826748, -0.32205289150496874, 0.05390691940754575, -0.27304659184103924, 0.6266964126049882, -0.10197394228023351, 0.0093212592728356, 0.0496301474407337], "KR60002-Food Expenses": [-0.03540665146126947, -0.3236255820277705, 0.04016714088254744, -0.25202956190542064, 0.6322050590501127, -0.09781392246958998, 0.007737844087682593, 0.05652232981443618], "KR60005-Personal Expenses": [0.16202172081023133, -0.9526906917872833, -0.06331218538697957, -0.4164159343442119, 0.6826111889826767, -0.047809019054249315, -0.48011456183617246, 0.041717207733336], "KR70002-Interest Income": [0.2896136123379721, -0.30154522683362556, -0.0022971442825982895, -0.12492667050342214, -0.003424755039423636, -0.02590406416086882, 0.4452821226410464, -0.5861130466115663]}}
