{"accounts": ["KR10101-Toss Checking Account", "KR10102-Hana Checking Account", "KR60002-Food Expenses", "KR60004-Transportation Expenses"], "embeddings": {"KR10101-Toss Checking Account": [-0.25204128977944135, 0.14500679948663578, 0.3221414822422083, -0.36118671881683034, 0.46504893045072193, 0.00736821450313584, 0.38755255943114614, 0.2032850141508611], "KR10102-Hana Checking Account": [0.0871129668323031, 0.041599633138879065, -0.38331738415330285, -0.6389114826154385, 0.9965296223682001, 0.47276081552710597, 0.48283745306738407, 0.23204994945086593], "KR60002-Food Expenses": [0.15401532135059723, 0.3108815430086928, 0.509784916677016, -0.4087865725760156, -0.15056415098923567, 0.3049838506787393, 0.27648406261162106, 0.10814104634203481], "KR60004-Transportation Expenses": [0.4413729307939469, 0.26904369981397935, 0.007907726195955724, -0.42853001573652594, 0.3425029748573545, 0.33335201431094447, 0.08442790733304706, -0.2294683931463091]}}