{"accounts": ["KR10102-Hana Checking Account", "KR10403-Friends Receivable", "KR30201-Friends Debt", "KR60005-Personal Expenses"], "embeddings": {"KR10102-Hana Checking Account": [-0.2789016864579733, -0.12069794381956712, 0.2071489558621882, 0.5337267110507897, -0.4582298102899966, 0.21121140586316428, -0.007227737366720719, 0.08253166437755854], "KR10403-Friends Receivable": [-0.27629483686157486, -0.35573153331121005, -0.2858052643476698, 0.7321971493146322, -0.20929216400285888, 0.6375830334846857, -0.04309255248733777, -0.3199376787781597], "KR30201-Friends Debt": [-0.5072298406663893, -0.20412801556686938, -0.08662923510926296, -0.6934495848511102, 0.6383986442715048, -0.06306165236113792, 0.1743967783071041, 0.11560105846112047], "KR60005-Personal Expenses": [0.02554718122506055, -0.4806101875147327, -0.23377063377018337, -0.5514644419838367, 0.12031209603461983, -0.1559447997248358, 0.18457481514448473, -0.0006979618713730645]}}