{
  "top1_acc": 0.7124887690925427,
  "top3_acc": 0.9146451033243486,
  "top5_acc": 0.9559748427672956
}